BMBM-0002,Rostanga_pulchra
BMBM-0005,Aeolidia_papillosa
BMBM-0013,Pseudoterranova
BMBM-0019,Pentidotea_schmitti
BMBM-0024,Pentidotea_wosnesenskii
BMBM-0025,Pentidotea_schmitti
BMBM-0031,Pentidotea_wosnesenskii
BMBM-0036,Pentidotea_wosnesenskii
BMBM-0037,Pentidotea_wosnesenskii
BMBM-0038,Pentidotea_wosnesenskii
BMBM-0039,Pentidotea_wosnesenskii
BMBM-0045,Amphipoda
BMBM-0047,Neoamphitrite_robusta
BMBM-0058,Amphipoda
BMBM-0066,Amphipoda
BMBM-0067,Amphipoda
BMBM-0068,Amphipoda
BMBM-0070,Amphipoda
BMBM-0071,Elthusa_californica
BMBM-0072,Amphipoda
BMBM-0074,Polycladida
BMBM-0076,Amphipoda
BMBM-0077,Amphipoda
BMBM-0080,Aglaja_ocelligera
BMBM-0081,Haminoea_vesicula
BMBM-0086,Hermissenda_crassicornis
BMBM-0087,Diaulula_sandiegensis
BMBM-0088,Dirona_aurantia
BMBM-0089,Onchidoris_bilamellata
BMBM-0114,Triopha_catalinae
BMBM-0123,Pentidotea_wosnesenskii
BMBM-0124,Pentidotea_wosnesenskii
BMBM-0127,Pentidotea_wosnesenskii
BMBM-0132,Ascidiacea
BMBM-0134,Ascidiacea
BMBM-0137,Idoteidae
BMBM-0139,Flabellina_trilineata
BMBM-0158,Crangon
BMBM-0162,Amphipoda
BMBM-0164,Amphipoda
BMBM-0167,Tellina_modesta
BMBM-0168,Nereididae
BMBM-0169,Amphipoda
BMBM-0173,Eupentacta_quinquesemita
BMBM-0175,Amphipoda
BMBM-0177,Amphipoda
BMBM-0185,Lacuna_vincta
BMBM-0186,Lacuna_vincta
BMBM-0187,Lacuna_variegata
BMBM-0188,Lacuna_variegata
BMBM-0289,Amphipoda
BMBM-0313,Amphipoda
BMBM-0315,Amphipoda
BMBM-0405,Ianiropsis
BMBM-0492,Polynoidae2
BMBM-0499,Ascidiacea2
BMBM-0536,Udonella
BMBM-0542,Triopha_maculata
BMBM-0543,Triopha_maculata
BMBM-0544,Janolus_fuscus
BMBM-0545,Flabellina_trilineata
BMBM-0563,Amphipoda
BMBM-0564,Amphipoda
BMBM-0565,Amphipoda
BMBM-0566,Amphipoda
BMBM-0599,Amphipoda
BMBM-0600,Amphipoda
BMBM-0614,Amphipoda
BMBM-0615,Amphipoda
BMBM-0450,Notophyllum_imbricatum
BMBM-0740,Polyplacophora
BMBM-0771,Humilaria_kennerlyi
BMBM-0773,Semele_rubropicta
BMBM-0778,Compsomyax_subdiaphana
BMBM-0780,Acila_castrensis
BMBM-0781,Lucinoma_annulata
BMBM-0798,Amphicteis_mucronata
BMBM-0830,Velutina
BMBM-0831,Aurelia_aurita
BMBM-0833,Solidobalanus_engbergi
BMBM-0834,Stylaster_venustus
BMBM-0836,Geitodoris_heathi
BMBM-0837,Maldanella_harai
BMBM-0847,Myrianida_flava
BMBM-0851,Eusyllis
BMBM-0852,Typosyllis_elongata
BMBM-0854,Lepidasthenia_longicirrata
BMBM-0855,Bispira_crassicornis
BMBM-0857,Glycera_americana
BMBM-0859,Phyllocomus_hiltoni
BMBM-0862,Lumbrineridae
BMBM-0863,Anobothrus_gracilis
BMBM-0865,Capitella
BMBM-0866,Oxydromus_pugettensis
BMBM-0867,Dorvillea
BMBM-0872_Contig_1,Exogone
BMBM-0872_Contig_2,Exogone
BMBM-0873,Brania
BMBM-0874,Nemertea
BMBM-0875,Chone
BMBM-0877,Tubulanus_sexlineatus
BMBM-0906,Cerebratulus
BMBM-0907,Bowerbankia_gracilis
BMBM-0908,Hydractinia
BMBM-0912,Polyclinidae
BMBM-0961,Amonardia_perturbata
BMBM-0963,Amphiascopsis_cinctus
BMBM-0968,Harpacticus_obscurus-2
BMBM-0969,Tisbe_sp._3
BMBM-0970,Euryte_sp._1
BMBM-0976,Amphiascopsis_sp._1
BMBM-0977,Amonardia_normani
BMBM-0979,Harpacticus_obscurus-1
BMBM-0982,Harpacticus_uniremis
BMBM-0986,Laophontidae_sp._1
BMBM-0988,Ameira_longipes
BMBM-0990,Stenothoidae_sp._1
BMBM-0991,Ischyrocerus_sp._1
BMBM-0992,Ischyrocerus_sp._2
BMBM-0993,Paracalliopiella_pratti
BMBM-0994,Stenothoidae_sp._2
BMBM-0995,Aoroides_sp._1
BMBM-0996,Parapleustinae_sp._1
BMBM-1002,Jassa_sp._1
BMBM-1004,Zeuxo_sp._1
BMBM-1006,Paradactylopodia_sp._1
BMBM-1011,Ectinosoma_melaniceps
BMBM-1013,Paralaophonte_sp._2
BMBM-1014,Dactylopusia_sp._2
BMBM-1015,Mesochra_sp._1
BMBM-1016,Harpacticus_obscurus-3
BMBM-1017,Laophontidae_sp._2
BMBM-1018,Diarthrodes_sp._2
BMBM-1019,Tisbe_sp._5
BMBM-1020,Diosaccus_spinatus
BMBM-1024,Lottia
BMBM-1082,Amphiascoides_sp._1
BMBM-9005,?
BMBM-9010,?
BMBM-0998|Stenothoidae_sp._3
BMBM-1003|Ampithoe_sp._1
BMBM-0095,Stomphia_coccinea
BMBM-0096,Stomphia_didemon
BMBM-0105,Halosydna_brevisetosa_B
BMBM-0109,Halosydna_brevisetosa_B
BMBM-0142,Hyale
BMBM-0193,Dermasterias_imbricata
BMBM-0194,Dermasterias_imbricata
BMBM-0195,Pteraster_tesselatus
BMBM-0312,Amphipoda
BMBM-0427,Margarites
BMBM-0457,Pentamera
BMBM-0460_Contig_1,Balanus?
BMBM-0460_Contig_2,Balanus?
BMBM-0464,Psolidium_bidiscum
BMBM-0476,Bryozoa
BMBM-0477,Bryozoa
BMBM-0478,Lepidasthenia
BMBM-0479,Modiolus
BMBM-0491,Harmothoe_extenuata
BMBM-0492,Polynoidae
BMBM-0499,Ascidiacea
BMBM-0568,Sthenelais_berkeleyi
BMBM-0604,Halosydna_brevisetosa_B
BMBM-0605,Arctonoe_vittata
BMBM-0606,Halosydna_sp
BMBM-0609,Arctonoe_sp
BMBM-0611,Halosydna_brevisetosa_B
BMBM-0619,Hermadion_truncata
BMBM-0620,Enipo_sp
BMBM-0623,Enipo_sp
BMBM-0624,Harmothoe_sp
BMBM-0625,Enipo_sp
BMBM-0628,Enipo_sp
BMBM-0638,Naineris
BMBM-0674,Ligia_pallasii
BMBM-0675,Pentidotea
BMBM-0676,Gnorimosphaeroma_oregonensis
BMBM-0751,Hyperia_medusarum
BMBM-0765,Thyone_benti?_1
BMBM-0765,Thyone_benti?_2
BMBM-0768,Rocinela_angustata
BMBM-0782,Macoma
BMBM-0783,Modiolus_modiolus
BMBM-0788,Cellaria
BMBM-0789,Costazia_robertsoniae
BMBM-0790,Ericthonius_rubricornis
BMBM-0793,Bryozoa
BMBM-0802,Crisia_pugeti
BMBM-0803,Dendrobeania_lichenoides
BMBM-0804,Scrupocellaria_californica
BMBM-0805,Lottia
BMBM-0814,Crisia_occidentalis
BMBM-0843,Scoloplos_acmeceps
BMBM-0844,Proceraea_hanssoni
BMBM-0845,Paleanotus_bellis
BMBM-0846,Syllis_elongata
BMBM-0848,Proceraea_nigropunctata
BMBM-0849,Proceraea_nigropunctata
BMBM-0850,Schizobranchia_insignis
BMBM-0878,Magelona
BMBM-0891,?
BMBM-0903,Hydrozoa
BMBM-0905,Vorticeros_praedatorium
BMBM-0966,Poecilostomatoida_sp._1
BMBM-0971,Tisbe_sp._1
BMBM-0974,Diarthrodes_sp._1
BMBM-0975,Diosaccus_spinatus
